team,team_id_x,year,primary_pos_formatted,outs_above_average,outs_above_average_infront,outs_above_average_lateral_toward3bline,outs_above_average_lateral_toward1bline,outs_above_average_behind,outs_above_average_rhh,outs_above_average_lhh,actual_success_rate_formatted,adj_estimated_success_rate_formatted,diff_success_rate_formatted,team_id_y,pa,bip,ba,est_ba,est_ba_minus_ba_diff,slg,est_slg,est_slg_minus_slg_diff,woba,est_woba,est_woba_minus_woba_diff,is_wildcard
Angels,108,2017,,9,9,-3,-1,5,-1,11,80%,80%,0%,LAA,6072.0,4280.0,0.243,0.246,-0.003,0.397,0.403,-0.006,0.307,0.314,-0.007,0
Angels,108,2019,,7,-1,0,6,3,11,-4,79%,79%,0%,LAA,6251.0,4312.0,0.247,0.251,-0.004,0.422,0.42,0.002,0.316,0.324,-0.008,0
Angels,108,2018,,0,1,-3,1,2,1,-2,79%,79%,0%,LAA,6106.0,4218.0,0.242,0.244,-0.002,0.413,0.41,0.003,0.313,0.318,-0.005,0
Angels,108,2022,,0,1,-3,-4,6,-11,11,80%,80%,0%,LAA,5977.0,3934.0,0.233,0.231,0.002,0.39,0.387,0.003,0.3,0.3,0.0,0
Angels,108,2016,,-4,-2,8,-7,-2,-2,-2,77%,77%,0%,LAA,6038.0,4525.0,0.26,0.261,-0.001,0.405,0.413,-0.0079999999999999,0.314,0.322,-0.008,0
Angels,108,2023,,-20,-5,-7,-9,1,-13,-7,77%,77%,0%,LAA,6145.0,4019.0,0.245,0.238,0.007,0.426,0.412,0.014,0.32,0.315,0.005,0
Angels,108,2020,,-20,0,-10,-6,-4,-12,-8,78%,79%,-1%,LAA,2308.0,1554.0,0.248,0.247,0.001,0.43,0.417,0.013,0.329,0.33,-0.001,0
Angels,108,2021,,-22,11,-12,-19,-1,-15,-7,77%,78%,-1%,,,,,,,,,,,,,0
Angels,108,2024,,-37,-14,-23,-2,2,-34,-3,79%,80%,-1%,LAA,5975.0,3988.0,0.229,0.234,-0.005,0.369,0.378,-0.009,0.296,0.304,-0.008,0
Angels,108,2025,,-53,-16,-10,-28,1,-38,-15,77%,79%,-2%,LAA,6000.0,3795.0,0.225,0.239,-0.0139999999999999,0.397,0.425,-0.0279999999999999,0.302,0.319,-0.017,0
Astros,117,2019,,51,24,19,6,3,26,25,79%,78%,1%,HOU,6394.0,4514.0,0.274,0.258,0.016,0.495,0.441,0.0539999999999999,0.355,0.338,0.0169999999999999,0
Astros,117,2018,,47,8,26,10,5,24,23,80%,79%,1%,HOU,6139.0,4315.0,0.255,0.241,0.014,0.425,0.395,0.0299999999999999,0.327,0.314,0.013,0
Astros,117,2022,,38,17,-6,19,7,24,13,80%,79%,1%,HOU,6054.0,4281.0,0.248,0.249,-0.001,0.424,0.412,0.012,0.324,0.324,0.0,0
Astros,117,2021,,34,22,-1,11,2,30,4,79%,78%,1%,,,,,,,,,,,,,0
Astros,117,2025,,32,6,11,11,4,23,9,80%,79%,1%,HOU,6087.0,4243.0,0.25,0.252,-0.002,0.399,0.416,-0.0169999999999999,0.312,0.32,-0.008,0
Astros,117,2020,,6,7,5,-8,1,3,3,80%,79%,1%,HOU,2229.0,1571.0,0.24,0.246,-0.006,0.408,0.398,0.0099999999999999,0.311,0.316,-0.005,1
Astros,117,2017,,6,5,1,2,-2,0,5,79%,78%,1%,HOU,6263.0,4596.0,0.282,0.267,0.0149999999999999,0.478,0.443,0.0349999999999999,0.349,0.335,0.0139999999999999,0
Astros,117,2023,,5,8,-1,-3,1,5,0,79%,79%,0%,HOU,6253.0,4380.0,0.259,0.257,0.002,0.437,0.435,0.002,0.332,0.333,-0.001,0
Astros,117,2016,,4,6,3,0,-5,12,-7,77%,77%,0%,HOU,6204.0,4151.0,0.247,0.244,0.003,0.417,0.415,0.002,0.317,0.318,-0.001,0
Astros,117,2024,,-2,0,2,-3,-1,2,-4,80%,80%,0%,HOU,6107.0,4412.0,0.262,0.258,0.004,0.418,0.416,0.002,0.321,0.322,-0.001,0
Athletics,133,2021,,20,19,-4,-1,5,19,1,78%,78%,0%,,,,,,,,,,,,,0
Athletics,133,2018,,20,6,6,9,1,6,14,81%,81%,0%,OAK,6255.0,4248.0,0.252,0.248,0.004,0.439,0.438,0.001,0.329,0.331,-0.002,1
Athletics,133,2019,,4,3,4,-7,4,11,-6,80%,80%,0%,OAK,6269.0,4266.0,0.249,0.254,-0.005,0.448,0.455,-0.007,0.327,0.337,-0.01,1
Athletics,133,2022,,-8,4,4,-11,-5,-13,6,79%,79%,0%,OAK,5863.0,3980.0,0.216,0.224,-0.008,0.346,0.351,-0.005,0.277,0.285,-0.0079999999999999,0
Athletics,133,2020,,-9,0,-1,-11,2,-6,-3,78%,78%,0%,OAK,2201.0,1400.0,0.225,0.234,-0.009,0.396,0.41,-0.0139999999999999,0.314,0.326,-0.012,0
Athletics,133,2025,,-15,5,-4,-2,-14,0,-15,78%,79%,-1%,ATH,6151.0,4194.0,0.253,0.247,0.006,0.431,0.414,0.017,0.324,0.318,0.006,0
Athletics,133,2016,,-17,9,-27,6,-5,-12,-6,77%,78%,-1%,OAK,6022.0,4402.0,0.246,0.252,-0.006,0.395,0.413,-0.0179999999999999,0.302,0.314,-0.012,0
Athletics,133,2017,,-21,-17,6,-3,-7,-12,-9,79%,80%,-1%,OAK,6125.0,4026.0,0.246,0.246,0.0,0.436,0.441,-0.005,0.323,0.328,-0.005,0
Athletics,133,2023,,-22,2,-12,-11,-1,-22,0,78%,78%,0%,OAK,5966.0,3879.0,0.223,0.226,-0.003,0.37,0.373,-0.003,0.293,0.297,-0.004,0
Athletics,133,2024,,-47,4,-34,-11,-5,-21,-25,78%,79%,-1%,OAK,6034.0,3986.0,0.233,0.233,0.0,0.393,0.393,0.0,0.303,0.306,-0.003,0
Blue Jays,141,2024,,22,8,-1,12,2,15,7,80%,79%,1%,TOR,6060.0,4236.0,0.241,0.241,0.0,0.389,0.386,0.003,0.307,0.31,-0.003,0
Blue Jays,141,2025,,20,-2,12,3,6,0,20,80%,79%,1%,TOR,6180.0,4488.0,0.265,0.269,-0.004,0.427,0.441,-0.014,0.33,0.339,-0.009,0
Blue Jays,141,2023,,9,3,2,-1,5,10,-1,79%,79%,0%,TOR,6220.0,4295.0,0.256,0.253,0.003,0.417,0.415,0.002,0.324,0.324,0.0,1
Blue Jays,141,2022,,6,-3,4,-3,7,1,5,79%,79%,0%,TOR,6158.0,4354.0,0.264,0.257,0.007,0.431,0.417,0.014,0.331,0.326,0.005,1
Blue Jays,141,2016,,4,20,-13,-1,0,8,-4,79%,79%,0%,TOR,6232.0,4183.0,0.248,0.244,0.004,0.426,0.42,0.006,0.327,0.326,0.001,1
Blue Jays,141,2021,,-9,-11,-6,5,2,-6,-3,79%,80%,-1%,,,,,,,,,,,,,0
Blue Jays,141,2020,,-13,-1,-7,-5,-1,-8,-4,77%,78%,-1%,TOR,2263.0,1537.0,0.255,0.255,0.0,0.441,0.438,0.003,0.329,0.332,-0.003,0
Blue Jays,141,2019,,-27,-8,-15,-7,2,-12,-15,77%,78%,-1%,TOR,6091.0,4021.0,0.236,0.238,-0.002,0.428,0.42,0.008,0.31,0.313,-0.003,0
Blue Jays,141,2018,,-40,5,-11,-32,-3,-21,-19,78%,79%,-1%,TOR,6076.0,4132.0,0.244,0.247,-0.003,0.427,0.43,-0.003,0.319,0.325,-0.006,0
Blue Jays,141,2017,,-42,-6,-14,-15,-6,-35,-6,77%,78%,-1%,TOR,6153.0,4232.0,0.24,0.241,-0.001,0.412,0.417,-0.005,0.312,0.317,-0.005,0
Braves,144,2018,,44,9,13,20,0,26,18,80%,79%,1%,ATL,6251.0,4384.0,0.257,0.245,0.012,0.417,0.392,0.0249999999999999,0.319,0.31,0.009,0
Braves,144,2020,,13,5,5,4,-1,5,8,79%,78%,1%,ATL,2344.0,1509.0,0.268,0.261,0.007,0.483,0.481,0.002,0.355,0.355,0.0,0
Braves,144,2021,,12,21,-7,-3,1,0,12,80%,79%,1%,,,,,,,,,,,,,0
Braves,144,2016,,7,0,-9,19,-4,-1,8,77%,77%,0%,ATL,6191.0,4390.0,0.255,0.251,0.004,0.384,0.389,-0.005,0.304,0.309,-0.005,0
Braves,144,2022,,6,9,10,-10,-3,0,6,79%,79%,0%,ATL,6082.0,4048.0,0.253,0.248,0.005,0.443,0.444,-0.001,0.33,0.33,0.0,0
Braves,144,2019,,4,17,-14,6,-5,6,-2,76%,76%,0%,ATL,6302.0,4153.0,0.258,0.254,0.004,0.452,0.456,-0.004,0.332,0.337,-0.005,0
Braves,144,2025,,3,12,-3,-6,0,-3,6,79%,79%,0%,ATL,6186.0,4188.0,0.245,0.252,-0.007,0.399,0.428,-0.0289999999999999,0.315,0.33,-0.015,0
Braves,144,2024,,1,17,3,-18,-2,1,-1,79%,79%,0%,ATL,6075.0,4068.0,0.243,0.244,-0.001,0.415,0.428,-0.013,0.315,0.323,-0.008,0
Braves,144,2023,,-11,-2,0,-14,5,-7,-5,79%,79%,0%,ATL,6249.0,4353.0,0.276,0.276,0.0,0.501,0.503,-0.002,0.359,0.363,-0.004,0
Braves,144,2017,,-25,0,-21,-1,-3,-17,-9,77%,78%,-1%,ATL,6215.0,4491.0,0.263,0.255,0.008,0.412,0.404,0.0079999999999999,0.316,0.313,0.003,0
Brewers,158,2023,,39,16,14,5,5,24,15,81%,80%,1%,MIL,6084.0,4020.0,0.24,0.238,0.002,0.385,0.383,0.002,0.309,0.31,-0.001,0
Brewers,158,2018,,38,8,6,23,1,30,8,80%,79%,1%,MIL,6207.0,4154.0,0.252,0.242,0.01,0.424,0.407,0.017,0.322,0.316,0.006,0
Brewers,158,2025,,33,14,4,12,4,22,11,80%,79%,1%,MIL,6227.0,4320.0,0.258,0.255,0.003,0.403,0.399,0.004,0.322,0.321,0.001,0
Brewers,158,2017,,29,-4,2,27,5,16,13,79%,78%,1%,MIL,6135.0,3964.0,0.249,0.237,0.012,0.429,0.395,0.0339999999999999,0.321,0.307,0.014,0
Brewers,158,2024,,29,12,10,1,5,21,8,80%,79%,1%,MIL,6170.0,4062.0,0.248,0.24,0.008,0.403,0.385,0.018,0.319,0.311,0.008,0
Brewers,158,2022,,4,-4,7,-3,4,-2,6,79%,79%,0%,MIL,6122.0,4001.0,0.235,0.235,0.0,0.409,0.395,0.0139999999999999,0.317,0.314,0.003,0
Brewers,158,2020,,4,0,2,-1,3,-1,5,78%,77%,1%,MIL,2188.0,1348.0,0.223,0.24,-0.0169999999999999,0.389,0.407,-0.0179999999999999,0.307,0.324,-0.017,0
Brewers,158,2019,,2,-11,10,-1,5,-4,7,77%,77%,0%,MIL,6309.0,4037.0,0.246,0.241,0.005,0.438,0.426,0.012,0.324,0.323,0.001,0
Brewers,158,2021,,-21,-11,-11,-2,3,-9,-12,79%,80%,-1%,,,,,,,,,,,,,0
Brewers,158,2016,,-32,-6,-8,-13,-4,-41,9,76%,77%,-1%,MIL,6059.0,3879.0,0.244,0.233,0.0109999999999999,0.407,0.383,0.0239999999999999,0.315,0.306,0.009,0
Cardinals,138,2021,,52,29,6,9,8,31,20,81%,79%,2%,,,,,,,,,,,,,0
Cardinals,138,2025,,36,8,9,13,7,26,10,78%,77%,1%,STL,6069.0,4177.0,0.245,0.248,-0.003,0.379,0.404,-0.025,0.304,0.316,-0.012,0
Cardinals,138,2022,,28,16,0,7,5,29,-1,80%,79%,1%,STL,6165.0,4320.0,0.252,0.244,0.008,0.42,0.396,0.0239999999999999,0.326,0.317,0.009,0
Cardinals,138,2019,,27,7,2,10,9,13,15,79%,79%,0%,STL,6167.0,4108.0,0.245,0.242,0.003,0.415,0.421,-0.006,0.314,0.32,-0.006,0
Cardinals,138,2024,,13,17,-11,6,1,10,2,79%,78%,1%,STL,6114.0,4253.0,0.248,0.247,0.001,0.392,0.39,0.002,0.307,0.31,-0.003,0
Cardinals,138,2020,,7,0,4,-2,5,5,3,81%,80%,1%,STL,2011.0,1295.0,0.234,0.236,-0.0019999999999999,0.371,0.395,-0.024,0.306,0.32,-0.014,0
Cardinals,138,2023,,-4,8,-6,-3,-4,-8,4,76%,76%,0%,STL,6204.0,4234.0,0.25,0.257,-0.007,0.416,0.43,-0.014,0.322,0.332,-0.01,0
Cardinals,138,2016,,-5,2,-7,-1,1,-2,-2,76%,76%,0%,STL,6222.0,4308.0,0.255,0.249,0.006,0.442,0.434,0.008,0.329,0.326,0.003,0
Cardinals,138,2017,,-10,-8,-7,1,4,6,-16,78%,78%,0%,STL,6219.0,4213.0,0.256,0.253,0.003,0.426,0.43,-0.004,0.326,0.33,-0.004,0
Cardinals,138,2018,,-38,-14,-20,-7,4,-15,-23,78%,79%,-1%,STL,6199.0,4212.0,0.249,0.243,0.006,0.409,0.416,-0.007,0.316,0.32,-0.004,0
Cubs,112,2016,,43,5,24,12,1,23,20,81%,80%,1%,CHC,6335.0,4243.0,0.256,0.243,0.013,0.429,0.409,0.02,0.333,0.324,0.009,0
Cubs,112,2025,,36,21,10,6,-1,18,18,81%,80%,1%,CHC,6162.0,4283.0,0.249,0.264,-0.015,0.43,0.46,-0.03,0.325,0.343,-0.018,0
Cubs,112,2019,,35,11,25,4,-5,30,6,77%,76%,1%,CHC,6195.0,4070.0,0.252,0.246,0.006,0.452,0.431,0.021,0.33,0.325,0.005,0
Cubs,112,2018,,26,11,8,10,-2,27,-2,79%,78%,1%,CHC,6366.0,4322.0,0.258,0.244,0.014,0.41,0.394,0.0159999999999999,0.321,0.315,0.006,0
Cubs,112,2017,,23,-4,15,8,4,20,3,79%,79%,0%,CHC,6281.0,4175.0,0.255,0.247,0.008,0.437,0.424,0.013,0.331,0.327,0.004,0
Cubs,112,2024,,23,17,-2,4,4,21,2,79%,79%,0%,CHC,6116.0,4137.0,0.242,0.241,0.001,0.393,0.398,-0.005,0.311,0.315,-0.004,0
Cubs,112,2023,,17,15,7,-5,-1,4,13,78%,78%,0%,CHC,6220.0,4180.0,0.254,0.252,0.002,0.421,0.411,0.01,0.326,0.325,0.001,0
Cubs,112,2021,,12,-3,10,5,0,-2,14,78%,77%,1%,,,,,,,,,,,,,0
Cubs,112,2020,,9,7,1,1,-1,-1,10,79%,78%,1%,CHC,2214.0,1364.0,0.22,0.231,-0.011,0.387,0.39,-0.003,0.309,0.319,-0.01,0
Cubs,112,2022,,-24,-7,-1,-14,-1,-17,-7,78%,79%,-1%,CHC,6072.0,4032.0,0.238,0.231,0.0069999999999999,0.387,0.367,0.02,0.307,0.3,0.007,0
D-backs,109,2022,,42,20,14,-3,12,25,17,80%,79%,1%,AZ,6027.0,4091.0,0.23,0.227,0.003,0.385,0.362,0.023,0.303,0.297,0.006,0
D-backs,109,2024,,37,29,13,-1,-6,11,25,78%,77%,1%,AZ,6284.0,4357.0,0.263,0.254,0.009,0.44,0.413,0.027,0.337,0.328,0.009,0
D-backs,109,2023,,35,4,20,4,6,20,15,79%,78%,1%,AZ,6124.0,4275.0,0.25,0.246,0.004,0.408,0.388,0.0199999999999999,0.317,0.311,0.006,0
D-backs,109,2018,,29,21,-7,17,-1,29,0,80%,79%,1%,AZ,6157.0,4083.0,0.235,0.235,0.0,0.397,0.393,0.004,0.306,0.309,-0.003,0
D-backs,109,2019,,29,2,17,6,4,4,24,78%,77%,1%,AZ,6315.0,4344.0,0.252,0.246,0.006,0.434,0.418,0.016,0.319,0.317,0.002,0
D-backs,109,2020,,10,1,2,4,2,9,1,80%,79%,1%,AZ,2238.0,1560.0,0.241,0.247,-0.006,0.391,0.394,-0.003,0.306,0.314,-0.008,0
D-backs,109,2025,,9,8,-13,16,-2,6,2,79%,79%,0%,AZ,6210.0,4265.0,0.251,0.254,-0.003,0.433,0.435,-0.002,0.327,0.332,-0.005,0
D-backs,109,2017,,-2,2,-6,4,0,-16,14,78%,78%,0%,AZ,6223.0,4135.0,0.254,0.247,0.007,0.445,0.421,0.024,0.329,0.321,0.008,0
D-backs,109,2016,,-6,12,-15,-2,-1,4,-11,77%,77%,0%,AZ,6259.0,4319.0,0.261,0.248,0.013,0.432,0.41,0.022,0.321,0.312,0.009,0
D-backs,109,2021,,-14,0,-5,-6,-3,-6,-8,78%,78%,0%,,,,,,,,,,,,,0
Dodgers,119,2025,,12,6,-2,10,0,5,7,79%,79%,0%,LAD,6187.0,4195.0,0.253,0.26,-0.007,0.441,0.46,-0.019,0.331,0.344,-0.0129999999999999,0
Dodgers,119,2020,,11,-6,11,0,6,7,4,80%,79%,1%,LAD,2316.0,1586.0,0.256,0.266,-0.01,0.483,0.49,-0.007,0.35,0.361,-0.011,0
Dodgers,119,2022,,6,-1,4,5,-2,3,3,80%,80%,0%,LAD,6247.0,4208.0,0.257,0.245,0.012,0.442,0.422,0.02,0.337,0.329,0.008,0
Dodgers,119,2019,,4,4,3,-2,-2,5,-1,79%,79%,0%,LAD,6282.0,4238.0,0.257,0.253,0.004,0.472,0.45,0.0219999999999999,0.338,0.334,0.004,0
Dodgers,119,2024,,-2,-1,1,-8,5,-12,10,80%,80%,0%,LAD,6255.0,4247.0,0.258,0.255,0.003,0.446,0.433,0.013,0.337,0.335,0.002,0
Dodgers,119,2023,,-4,-4,4,-2,0,-24,20,79%,79%,0%,LAD,6333.0,4239.0,0.257,0.256,0.001,0.455,0.446,0.009,0.341,0.341,0.0,0
Dodgers,119,2016,,-12,-12,7,-3,-4,1,-13,78%,79%,-1%,LAD,6163.0,4259.0,0.249,0.251,-0.002,0.409,0.415,-0.006,0.315,0.32,-0.005,0
Dodgers,119,2018,,-14,-5,3,-5,-8,-7,-7,79%,80%,-1%,LAD,6358.0,4214.0,0.25,0.242,0.008,0.442,0.424,0.018,0.333,0.328,0.005,0
Dodgers,119,2021,,-16,-2,-9,-5,0,-15,-1,79%,80%,-1%,,,,,,,,,,,,,0
Dodgers,119,2017,,-18,-7,-9,0,-3,-6,-12,80%,81%,-1%,LAD,6190.0,4097.0,0.249,0.249,0.0,0.437,0.438,-0.001,0.33,0.333,-0.003,0
Giants,137,2021,,30,15,16,1,-1,21,8,79%,78%,1%,,,,,,,,,,,,,0
Giants,137,2023,,17,14,4,-2,1,6,11,77%,77%,0%,SF,6095.0,3976.0,0.235,0.238,-0.003,0.383,0.399,-0.016,0.304,0.313,-0.009,0
Giants,137,2019,,15,6,11,6,-7,23,-8,79%,78%,1%,SF,6170.0,4210.0,0.239,0.24,-0.001,0.392,0.407,-0.0149999999999999,0.295,0.306,-0.011,0
Giants,137,2016,,14,4,11,-1,0,15,-2,79%,78%,1%,SF,6268.0,4546.0,0.258,0.254,0.004,0.398,0.394,0.004,0.315,0.316,-0.001,0
Giants,137,2020,,0,2,-2,2,-2,-5,6,79%,79%,0%,SF,2259.0,1537.0,0.263,0.251,0.012,0.451,0.437,0.014,0.337,0.33,0.007,0
Giants,137,2018,,-4,-1,0,-3,2,7,-11,79%,79%,0%,SF,6113.0,4149.0,0.239,0.235,0.004,0.368,0.367,0.001,0.29,0.292,-0.002,0
Giants,137,2024,,-7,13,-9,-3,-8,-11,4,76%,76%,0%,SF,6062.0,4065.0,0.239,0.239,0.0,0.396,0.401,-0.005,0.305,0.311,-0.006,0
Giants,137,2017,,-13,4,4,-18,-4,-14,1,78%,78%,0%,SF,6137.0,4430.0,0.249,0.242,0.007,0.38,0.38,0.0,0.296,0.298,-0.002,0
Giants,137,2025,,-23,2,-4,-22,0,-8,-15,77%,78%,-1%,SF,6072.0,4069.0,0.235,0.241,-0.006,0.386,0.397,-0.011,0.305,0.314,-0.009,0
Giants,137,2022,,-34,-4,-5,-17,-9,-13,-21,76%,77%,-1%,SF,6117.0,3989.0,0.234,0.228,0.006,0.389,0.38,0.009,0.31,0.308,0.002,0
Guardians,114,2019,,33,14,5,12,3,16,17,79%,78%,1%,CLE,6124.0,4179.0,0.25,0.243,0.007,0.432,0.415,0.017,0.319,0.316,0.003,0
Guardians,114,2017,,31,9,5,11,5,18,13,79%,78%,1%,CLE,6234.0,4426.0,0.263,0.26,0.003,0.449,0.439,0.01,0.336,0.336,0.0,0
Guardians,114,2022,,23,5,19,-1,0,19,4,80%,79%,1%,CLE,6163.0,4510.0,0.254,0.245,0.009,0.383,0.361,0.022,0.306,0.298,0.008,0
Guardians,114,2016,,21,13,1,10,-4,11,10,79%,78%,1%,CLE,6155.0,4329.0,0.262,0.253,0.009,0.43,0.413,0.017,0.326,0.322,0.004,0
Guardians,114,2021,,19,5,7,8,-2,13,6,79%,79%,0%,,,,,,,,,,,,,0
Guardians,114,2023,,12,-7,12,5,3,3,9,79%,79%,0%,CLE,6096.0,4428.0,0.25,0.258,-0.008,0.381,0.387,-0.006,0.302,0.309,-0.007,0
Guardians,114,2024,,12,2,10,3,-4,0,12,79%,79%,0%,CLE,5927.0,4174.0,0.238,0.236,0.002,0.395,0.367,0.028,0.306,0.298,0.008,0
Guardians,114,2020,,4,7,1,1,-4,-4,8,79%,78%,1%,CLE,2247.0,1465.0,0.228,0.239,-0.0109999999999999,0.372,0.393,-0.021,0.303,0.32,-0.017,0
Guardians,114,2025,,-1,9,-7,-6,4,-19,18,79%,79%,0%,CLE,5943.0,4045.0,0.226,0.233,-0.007,0.373,0.378,-0.005,0.292,0.299,-0.007,0
Guardians,114,2018,,-7,1,-3,0,-4,4,-11,78%,78%,0%,CLE,6298.0,4475.0,0.259,0.258,0.001,0.434,0.427,0.007,0.33,0.332,-0.002,0
Mariners,136,2023,,22,15,-7,10,4,22,1,79%,78%,1%,SEA,6201.0,3938.0,0.242,0.244,-0.002,0.413,0.42,-0.007,0.319,0.325,-0.006,0
Mariners,136,2017,,20,-1,23,-4,2,16,4,80%,79%,1%,SEA,6166.0,4333.0,0.259,0.254,0.005,0.424,0.424,0.0,0.321,0.322,-0.001,0
Mariners,136,2016,,4,-7,5,9,-1,0,5,77%,77%,0%,SEA,6226.0,4360.0,0.259,0.254,0.005,0.43,0.426,0.004,0.325,0.325,0.0,0
Mariners,136,2020,,1,7,-1,-7,3,6,-5,80%,80%,0%,SEA,2181.0,1399.0,0.226,0.228,-0.002,0.37,0.381,-0.011,0.298,0.308,-0.01,0
Mariners,136,2022,,1,-2,8,-8,3,-4,5,80%,80%,0%,SEA,6117.0,4032.0,0.23,0.236,-0.0059999999999999,0.39,0.393,-0.003,0.31,0.317,-0.007,1
Mariners,136,2021,,-5,3,-1,-10,2,-10,5,78%,78%,0%,,,,,,,,,,,,,0
Mariners,136,2018,,-10,4,-2,-6,-7,-6,-4,79%,79%,0%,SEA,6084.0,4362.0,0.254,0.259,-0.005,0.408,0.418,-0.01,0.313,0.323,-0.01,0
Mariners,136,2024,,-16,-6,-12,-2,4,9,-25,80%,81%,-1%,SEA,6066.0,3752.0,0.224,0.225,-0.001,0.376,0.39,-0.014,0.303,0.311,-0.008,0
Mariners,136,2019,,-23,6,-18,-3,-8,-8,-14,78%,78%,0%,SEA,6199.0,3970.0,0.237,0.229,0.0079999999999999,0.424,0.4,0.0239999999999999,0.314,0.308,0.006,0
Mariners,136,2025,,-27,-7,-21,-2,3,-22,-5,79%,80%,-1%,SEA,6200.0,4119.0,0.244,0.249,-0.005,0.42,0.432,-0.012,0.321,0.329,-0.008,0
Marlins,146,2018,,26,19,24,-13,-4,17,9,80%,79%,1%,MIA,6080.0,4168.0,0.237,0.236,0.001,0.357,0.364,-0.007,0.289,0.295,-0.006,0
Marlins,146,2016,,17,21,-5,-4,6,13,4,77%,76%,1%,MIA,6133.0,4419.0,0.263,0.254,0.009,0.394,0.385,0.009,0.309,0.306,0.003,0
Marlins,146,2025,,17,-3,2,12,5,5,12,80%,79%,1%,MIA,6142.0,4359.0,0.25,0.26,-0.01,0.393,0.422,-0.0289999999999999,0.309,0.325,-0.016,0
Marlins,146,2022,,3,5,2,5,-8,0,4,79%,79%,0%,MIA,5949.0,4006.0,0.23,0.235,-0.0049999999999999,0.363,0.372,-0.009,0.29,0.298,-0.008,0
Marlins,146,2021,,-8,0,-5,-7,4,0,-8,78%,78%,0%,,,,,,,,,,,,,0
Marlins,146,2017,,-9,5,-17,2,0,-6,-3,79%,79%,0%,MIA,6246.0,4411.0,0.267,0.254,0.013,0.431,0.411,0.02,0.325,0.316,0.009,0
Marlins,146,2020,,-11,3,-11,-4,2,-4,-8,78%,79%,-1%,MIA,2167.0,1413.0,0.244,0.236,0.008,0.384,0.378,0.006,0.308,0.305,0.003,0
Marlins,146,2019,,-11,-4,10,-17,0,-9,-2,78%,79%,-1%,MIA,6045.0,4107.0,0.241,0.239,0.002,0.375,0.384,-0.009,0.288,0.296,-0.008,0
Marlins,146,2023,,-34,-11,-9,-11,-3,-15,-19,77%,78%,-1%,MIA,6043.0,4270.0,0.259,0.257,0.002,0.405,0.412,-0.0069999999999999,0.312,0.316,-0.004,0
Marlins,146,2024,,-37,-24,-10,-1,-3,-23,-15,77%,78%,-1%,MIA,6048.0,4177.0,0.244,0.239,0.005,0.378,0.379,-0.001,0.296,0.297,-0.001,0
Mets,121,2021,,26,7,7,8,5,10,16,79%,78%,1%,,,,,,,,,,,,,0
Mets,121,2022,,10,11,-4,-3,7,15,-5,78%,77%,1%,NYM,6176.0,4336.0,0.259,0.251,0.008,0.412,0.403,0.0089999999999999,0.326,0.321,0.005,0
Mets,121,2024,,4,-4,9,0,-2,9,-6,79%,79%,0%,NYM,6166.0,4174.0,0.246,0.25,-0.004,0.415,0.417,-0.002,0.32,0.325,-0.005,0
Mets,121,2020,,-4,9,-1,-11,0,3,-7,75%,76%,-1%,NYM,2279.0,1539.0,0.272,0.254,0.018,0.459,0.425,0.034,0.347,0.332,0.0149999999999999,0
Mets,121,2025,,-13,3,-18,5,-3,-11,-2,77%,77%,0%,NYM,6178.0,4200.0,0.249,0.265,-0.016,0.427,0.464,-0.037,0.326,0.348,-0.0219999999999999,0
Mets,121,2018,,-14,-7,4,0,-11,-23,8,78%,78%,0%,NYM,6177.0,4134.0,0.234,0.23,0.004,0.389,0.371,0.018,0.305,0.301,0.004,0
Mets,121,2023,,-14,-5,-8,-4,4,-10,-3,78%,79%,-1%,NYM,6056.0,4089.0,0.238,0.243,-0.005,0.407,0.415,-0.008,0.315,0.322,-0.007,0
Mets,121,2019,,-18,0,-11,1,-7,-3,-15,77%,77%,0%,NYM,6290.0,4295.0,0.257,0.252,0.005,0.442,0.427,0.015,0.325,0.323,0.002,0
Mets,121,2016,,-33,7,-19,-24,4,-5,-28,75%,77%,-2%,NYM,6114.0,4233.0,0.246,0.244,0.002,0.417,0.406,0.0109999999999999,0.315,0.313,0.002,0
Mets,121,2017,,-53,-6,-14,-26,-7,-29,-24,76%,78%,-2%,NYM,6169.0,4292.0,0.25,0.245,0.005,0.434,0.415,0.019,0.322,0.316,0.006,0
Nationals,120,2019,,29,7,18,-1,5,22,7,78%,78%,0%,WSH,6267.0,4294.0,0.265,0.256,0.009,0.454,0.449,0.005,0.336,0.336,0.0,0
Nationals,120,2018,,-1,-6,7,3,-5,0,0,79%,79%,0%,WSH,6288.0,4309.0,0.254,0.249,0.005,0.419,0.414,0.005,0.325,0.325,0.0,0
Nationals,120,2023,,-2,6,-3,-5,1,2,-3,78%,78%,0%,WSH,6085.0,4431.0,0.254,0.249,0.005,0.396,0.386,0.01,0.309,0.306,0.003,0
Nationals,120,2016,,-5,5,0,-10,-1,3,-8,78%,78%,0%,WSH,6201.0,4349.0,0.256,0.248,0.008,0.426,0.417,0.009,0.322,0.321,0.001,0
Nationals,120,2020,,-13,-4,-2,-7,2,-7,-5,76%,77%,-1%,WSH,2218.0,1543.0,0.264,0.257,0.007,0.433,0.42,0.013,0.33,0.328,0.002,0
Nationals,120,2017,,-14,6,-14,1,-7,-5,-10,78%,79%,-1%,WSH,6214.0,4314.0,0.266,0.256,0.01,0.449,0.432,0.017,0.331,0.324,0.007,0
Nationals,120,2024,,-19,-3,-14,4,-8,-12,-7,77%,78%,-1%,WSH,5971.0,4220.0,0.243,0.244,-0.001,0.375,0.369,0.006,0.3,0.302,-0.002,0
Nationals,120,2021,,-24,4,-4,-18,-7,-28,3,78%,79%,-1%,,,,,,,,,,,,,0
Nationals,120,2025,,-33,-12,-10,-7,-4,-20,-13,76%,77%,-1%,WSH,5982.0,4129.0,0.242,0.26,-0.018,0.389,0.418,-0.0289999999999999,0.302,0.323,-0.021,0
Nationals,120,2022,,-51,-10,-20,-20,0,-30,-21,78%,79%,-1%,WSH,5998.0,4270.0,0.249,0.243,0.006,0.377,0.373,0.004,0.303,0.302,0.001,0
Orioles,110,2022,,7,-7,1,9,5,-3,10,78%,78%,0%,BAL,6049.0,4094.0,0.236,0.238,-0.002,0.39,0.392,-0.002,0.305,0.31,-0.005,0
Orioles,110,2016,,5,25,-18,-1,-1,15,-10,78%,78%,0%,BAL,6089.0,4253.0,0.256,0.252,0.004,0.443,0.445,-0.002,0.326,0.327,-0.001,1
Orioles,110,2020,,-9,-3,3,-5,-4,-14,5,79%,80%,-1%,BAL,2242.0,1537.0,0.258,0.241,0.017,0.429,0.387,0.0419999999999999,0.323,0.304,0.019,0
Orioles,110,2024,,-11,-9,-4,-4,8,-17,6,79%,79%,0%,BAL,6176.0,4259.0,0.25,0.25,0.0,0.435,0.424,0.011,0.324,0.325,-0.001,1
Orioles,110,2023,,-12,3,-18,3,0,-7,-5,79%,79%,0%,BAL,6123.0,4193.0,0.255,0.251,0.004,0.421,0.413,0.008,0.32,0.319,0.001,0
Orioles,110,2025,,-23,6,-19,-8,-3,-10,-14,77%,78%,-1%,BAL,6020.0,4004.0,0.235,0.245,-0.01,0.394,0.418,-0.0239999999999999,0.305,0.32,-0.015,0
Orioles,110,2017,,-26,0,-12,-12,-1,-11,-15,77%,78%,-1%,BAL,6139.0,4285.0,0.26,0.255,0.005,0.435,0.433,0.002,0.318,0.32,-0.002,0
Orioles,110,2021,,-30,-7,-14,-10,1,-16,-14,77%,78%,-1%,,,,,,,,,,,,,0
Orioles,110,2019,,-33,-24,-1,-10,1,-37,3,78%,79%,-1%,BAL,6189.0,4220.0,0.246,0.242,0.004,0.415,0.401,0.0139999999999999,0.308,0.306,0.002,0
Orioles,110,2018,,-43,-4,-15,-23,-1,-17,-26,77%,78%,-1%,BAL,6034.0,4143.0,0.239,0.234,0.0049999999999999,0.391,0.383,0.008,0.299,0.299,0.0,0
Padres,135,2022,,33,12,8,6,6,19,14,80%,79%,1%,SD,6175.0,4204.0,0.241,0.237,0.004,0.382,0.373,0.009,0.308,0.306,0.002,0
Padres,135,2023,,27,19,1,3,3,28,-1,79%,78%,1%,SD,6180.0,4156.0,0.244,0.246,-0.002,0.413,0.418,-0.005,0.323,0.329,-0.006,0
Padres,135,2020,,20,9,2,7,1,9,11,79%,77%,2%,SD,2231.0,1519.0,0.257,0.27,-0.013,0.466,0.48,-0.0139999999999999,0.341,0.357,-0.0159999999999999,0
Padres,135,2021,,10,7,4,-6,5,5,5,79%,79%,0%,,,,,,,,,,,,,0
Padres,135,2018,,9,-4,3,8,2,27,-18,79%,78%,1%,SD,6059.0,4034.0,0.235,0.227,0.0079999999999999,0.38,0.359,0.021,0.294,0.288,0.006,0
Padres,135,2024,,6,10,-1,-7,3,-1,7,79%,78%,1%,SD,6103.0,4508.0,0.263,0.269,-0.006,0.42,0.422,-0.002,0.324,0.329,-0.005,0
Padres,135,2025,,-7,5,-9,-4,2,-7,0,80%,80%,0%,SD,6087.0,4356.0,0.252,0.26,-0.008,0.39,0.417,-0.0269999999999999,0.311,0.326,-0.015,0
Padres,135,2019,,-28,-13,4,-13,-5,-17,-11,77%,78%,-1%,SD,6019.0,3878.0,0.238,0.228,0.0099999999999999,0.41,0.391,0.0189999999999999,0.305,0.299,0.006,0
Padres,135,2017,,-29,-11,-16,0,-2,-23,-7,77%,78%,-1%,SD,5954.0,3942.0,0.234,0.224,0.01,0.393,0.367,0.026,0.298,0.288,0.01,0
Padres,135,2016,,-31,-2,-10,-15,-5,-31,-1,76%,77%,-1%,SD,5999.0,3992.0,0.235,0.232,0.0029999999999999,0.39,0.375,0.015,0.297,0.293,0.004,0
Phillies,143,2025,,12,1,-1,10,1,7,4,78%,77%,1%,PHI,6166.0,4238.0,0.258,0.262,-0.004,0.431,0.444,-0.013,0.329,0.336,-0.007,0
Phillies,143,2024,,7,-10,5,8,5,-8,15,78%,77%,1%,PHI,6166.0,4217.0,0.257,0.253,0.004,0.425,0.412,0.013,0.325,0.322,0.003,0
Phillies,143,2023,,6,2,-9,18,-4,9,-3,78%,78%,0%,PHI,6207.0,4115.0,0.256,0.251,0.005,0.438,0.425,0.013,0.329,0.326,0.003,0
Phillies,143,2017,,3,9,-5,7,-8,-3,5,78%,78%,0%,PHI,6133.0,4175.0,0.25,0.241,0.009,0.409,0.388,0.0209999999999999,0.31,0.303,0.007,0
Phillies,143,2016,,-3,-6,13,-9,-2,10,-13,78%,78%,0%,PHI,5992.0,4134.0,0.24,0.234,0.0059999999999999,0.384,0.369,0.015,0.296,0.292,0.004,0
Phillies,143,2019,,-3,-1,2,-8,3,6,-9,77%,77%,0%,PHI,6261.0,4186.0,0.246,0.243,0.003,0.427,0.416,0.011,0.314,0.315,-0.001,0
Phillies,143,2020,,-19,-1,-4,-10,-3,-13,-6,75%,76%,-1%,PHI,2223.0,1486.0,0.257,0.258,-0.001,0.439,0.446,-0.007,0.336,0.342,-0.006,0
Phillies,143,2021,,-22,-2,-4,-13,-2,-19,-3,77%,78%,-1%,,,,,,,,,,,,,0
Phillies,143,2022,,-33,-5,-13,-11,-4,-18,-16,77%,78%,-1%,PHI,6077.0,4183.0,0.253,0.252,0.001,0.422,0.417,0.005,0.322,0.322,0.0,0
Phillies,143,2018,,-35,-7,-18,-4,-6,-19,-16,78%,79%,-1%,PHI,6135.0,3968.0,0.234,0.227,0.007,0.393,0.374,0.019,0.307,0.302,0.005,0
Pirates,134,2025,,17,5,-3,10,6,14,3,79%,79%,0%,PIT,6008.0,3998.0,0.231,0.246,-0.0149999999999999,0.35,0.395,-0.045,0.29,0.313,-0.023,0
Pirates,134,2018,,5,5,4,-6,2,6,-2,78%,78%,0%,PIT,6065.0,4301.0,0.254,0.247,0.007,0.407,0.397,0.0099999999999999,0.312,0.311,0.001,0
Pirates,134,2023,,2,2,2,-5,4,7,-5,79%,79%,0%,PIT,6089.0,4010.0,0.239,0.241,-0.002,0.392,0.391,0.001,0.308,0.312,-0.004,0
Pirates,134,2020,,1,-2,0,1,2,0,1,78%,78%,0%,PIT,2134.0,1433.0,0.22,0.234,-0.014,0.357,0.38,-0.023,0.279,0.298,-0.0189999999999999,0
Pirates,134,2016,,-1,11,0,-2,-10,6,-7,76%,76%,0%,PIT,6261.0,4285.0,0.257,0.244,0.013,0.402,0.389,0.013,0.318,0.313,0.005,0
Pirates,134,2021,,-9,5,-8,-8,2,8,-17,79%,79%,0%,,,,,,,,,,,,,0
Pirates,134,2024,,-15,2,-8,-10,1,-7,-8,77%,78%,-1%,PIT,6086.0,4034.0,0.234,0.24,-0.0059999999999999,0.371,0.386,-0.015,0.295,0.306,-0.011,0
Pirates,134,2017,,-16,14,-15,-9,-5,7,-23,77%,78%,-1%,PIT,6135.0,4315.0,0.244,0.246,-0.002,0.386,0.38,0.006,0.304,0.306,-0.002,0
Pirates,134,2022,,-22,-4,3,-14,-6,2,-23,77%,78%,-1%,PIT,5911.0,3885.0,0.222,0.224,-0.002,0.364,0.353,0.011,0.289,0.288,0.001,0
Pirates,134,2019,,-27,-10,-12,1,-7,-17,-10,76%,77%,-1%,PIT,6228.0,4525.0,0.265,0.258,0.007,0.42,0.411,0.009,0.313,0.312,0.001,0
Rangers,140,2023,,32,17,4,13,-2,19,14,80%,79%,1%,TEX,6306.0,4236.0,0.263,0.256,0.007,0.452,0.44,0.012,0.34,0.335,0.005,1
Rangers,140,2025,,27,2,14,11,1,1,26,80%,80%,0%,TEX,6046.0,4167.0,0.234,0.247,-0.0129999999999999,0.381,0.413,-0.0319999999999999,0.299,0.318,-0.019,0
Rangers,140,2021,,27,-6,13,17,3,15,12,79%,79%,0%,,,,,,,,,,,,,0
Rangers,140,2024,,26,17,1,9,0,9,17,79%,78%,1%,TEX,6053.0,4224.0,0.238,0.24,-0.002,0.38,0.386,-0.006,0.3,0.306,-0.006,0
Rangers,140,2016,,19,19,2,-3,2,23,-5,78%,78%,0%,TEX,6089.0,4363.0,0.262,0.253,0.009,0.433,0.417,0.016,0.324,0.318,0.006,0
Rangers,140,2018,,11,-3,2,10,2,3,8,79%,78%,1%,TEX,6163.0,4036.0,0.24,0.232,0.0079999999999999,0.404,0.392,0.012,0.315,0.311,0.004,0
Rangers,140,2017,,3,5,-7,3,2,11,-8,79%,79%,0%,TEX,6121.0,4003.0,0.244,0.238,0.006,0.43,0.42,0.01,0.321,0.319,0.002,0
Rangers,140,2022,,-4,4,-3,-5,0,-5,1,78%,78%,0%,TEX,6029.0,4080.0,0.239,0.235,0.004,0.395,0.389,0.006,0.305,0.303,0.002,0
Rangers,140,2020,,-7,-1,-2,-7,3,-3,-4,78%,79%,-1%,TEX,2147.0,1408.0,0.217,0.226,-0.009,0.364,0.382,-0.018,0.283,0.299,-0.016,0
Rangers,140,2019,,-9,-3,5,-9,-2,-10,2,76%,76%,0%,TEX,6204.0,4023.0,0.248,0.243,0.005,0.431,0.425,0.006,0.317,0.319,-0.002,0
Rays,139,2021,,27,4,7,17,-1,7,20,80%,79%,1%,,,,,,,,,,,,,0
Rays,139,2017,,13,4,-9,13,5,10,3,80%,80%,0%,TB,6144.0,4004.0,0.245,0.235,0.01,0.422,0.406,0.0159999999999999,0.316,0.31,0.006,0
Rays,139,2024,,5,2,-5,6,2,3,2,80%,80%,0%,TB,6006.0,3946.0,0.23,0.227,0.003,0.366,0.365,0.001,0.294,0.296,-0.002,0
Rays,139,2019,,5,-3,-5,16,-3,-1,6,79%,79%,0%,TB,6285.0,4177.0,0.254,0.252,0.002,0.431,0.437,-0.006,0.321,0.327,-0.006,1
Rays,139,2020,,4,5,-2,-1,1,6,-2,77%,77%,0%,TB,2261.0,1381.0,0.238,0.228,0.0099999999999999,0.425,0.403,0.0219999999999999,0.325,0.317,0.008,0
Rays,139,2022,,0,-2,-4,3,2,-4,5,80%,80%,0%,TB,6008.0,4055.0,0.239,0.235,0.004,0.377,0.36,0.017,0.302,0.297,0.005,1
Rays,139,2018,,-1,-8,-7,11,4,4,-6,80%,80%,0%,TB,6194.0,4165.0,0.258,0.239,0.019,0.406,0.377,0.029,0.322,0.309,0.013,0
Rays,139,2023,,-4,3,-7,5,-5,6,-10,78%,78%,0%,TB,6164.0,4135.0,0.26,0.247,0.013,0.445,0.415,0.03,0.335,0.322,0.013,1
Rays,139,2016,,-22,-5,-19,0,2,-12,-9,78%,78%,0%,TB,6046.0,4045.0,0.243,0.236,0.007,0.426,0.412,0.014,0.315,0.309,0.006,0
Rays,139,2025,,-29,-5,-17,-3,-5,-14,-15,79%,80%,-1%,TB,6045.0,4132.0,0.251,0.251,0.0,0.401,0.405,-0.004,0.311,0.316,-0.005,0
Red Sox,111,2018,,10,17,-3,2,-6,0,9,79%,79%,0%,BOS,6302.0,4425.0,0.268,0.262,0.006,0.453,0.449,0.004,0.34,0.34,0.0,0
Red Sox,111,2025,,9,0,-1,8,3,17,-8,78%,78%,0%,BOS,6206.0,4197.0,0.254,0.253,0.001,0.421,0.425,-0.004,0.323,0.327,-0.004,1
Red Sox,111,2019,,6,9,4,-6,-1,7,0,78%,78%,0%,BOS,6475.0,4452.0,0.269,0.26,0.009,0.466,0.456,0.01,0.338,0.336,0.002,0
Red Sox,111,2017,,3,-2,-10,14,1,9,-5,78%,78%,0%,BOS,6338.0,4490.0,0.258,0.25,0.008,0.407,0.396,0.0109999999999999,0.316,0.313,0.003,0
Red Sox,111,2020,,-5,0,3,-6,-1,-6,1,74%,75%,-1%,BOS,2304.0,1551.0,0.265,0.237,0.028,0.445,0.407,0.038,0.333,0.311,0.022,0
Red Sox,111,2016,,-7,-15,1,1,5,-6,-1,78%,78%,0%,BOS,6319.0,4558.0,0.282,0.256,0.0259999999999999,0.461,0.421,0.04,0.346,0.325,0.0209999999999999,0
Red Sox,111,2022,,-12,1,-6,-3,-5,-7,-4,78%,78%,0%,BOS,6144.0,4228.0,0.258,0.249,0.009,0.409,0.401,0.0079999999999999,0.319,0.316,0.003,0
Red Sox,111,2024,,-18,0,-8,-9,-1,-9,-9,78%,79%,-1%,BOS,6192.0,4054.0,0.252,0.238,0.014,0.423,0.403,0.0199999999999999,0.321,0.311,0.01,0
Red Sox,111,2021,,-39,-8,-17,-10,-4,-27,-12,76%,78%,-2%,,,,,,,,,,,,,1
Red Sox,111,2023,,-51,-11,-18,-14,-8,-17,-34,77%,79%,-2%,BOS,6174.0,4236.0,0.258,0.247,0.011,0.424,0.413,0.011,0.324,0.317,0.007,0
Reds,113,2019,,26,10,11,6,0,34,-8,79%,78%,1%,CIN,6100.0,4077.0,0.244,0.237,0.007,0.422,0.396,0.0259999999999999,0.312,0.307,0.005,0
Reds,113,2018,,17,-1,14,8,-5,28,-12,79%,78%,1%,CIN,6240.0,4240.0,0.254,0.244,0.01,0.401,0.388,0.013,0.317,0.312,0.005,0
Reds,113,2017,,12,4,-4,11,0,4,7,78%,78%,0%,CIN,6213.0,4247.0,0.253,0.246,0.007,0.433,0.399,0.0339999999999999,0.325,0.314,0.011,0
Reds,113,2025,,0,6,-10,-1,4,6,-6,80%,80%,0%,CIN,6082.0,4089.0,0.245,0.24,0.005,0.391,0.385,0.006,0.309,0.307,0.002,0
Reds,113,2020,,-12,-4,0,-8,-1,-6,-6,78%,79%,-1%,CIN,2123.0,1315.0,0.212,0.232,-0.02,0.403,0.418,-0.0149999999999999,0.312,0.329,-0.017,0
Reds,113,2016,,-13,-10,-16,17,-4,-5,-8,77%,78%,-1%,CIN,6093.0,4305.0,0.256,0.246,0.01,0.408,0.382,0.0259999999999999,0.311,0.301,0.01,0
Reds,113,2024,,-14,9,-16,-11,4,-2,-12,79%,79%,0%,CIN,5970.0,3927.0,0.231,0.231,0.0,0.388,0.369,0.019,0.303,0.3,0.003,0
Reds,113,2022,,-20,-8,-4,-5,-3,-22,2,78%,78%,0%,CIN,5978.0,3995.0,0.235,0.228,0.0069999999999999,0.372,0.354,0.018,0.299,0.291,0.008,0
Reds,113,2023,,-35,-3,-20,-14,2,-22,-13,78%,79%,-1%,CIN,6195.0,4047.0,0.249,0.241,0.008,0.42,0.387,0.0329999999999999,0.325,0.312,0.013,0
Reds,113,2021,,-36,-6,-13,-21,2,-21,-15,77%,78%,-1%,,,,,,,,,,,,,0
Rockies,115,2017,,21,15,10,-4,0,11,10,77%,77%,0%,COL,6200.0,4229.0,0.273,0.244,0.029,0.444,0.391,0.0529999999999999,0.332,0.305,0.027,0
Rockies,115,2016,,19,12,8,4,-3,16,3,76%,75%,1%,COL,6236.0,4372.0,0.275,0.254,0.021,0.457,0.413,0.044,0.339,0.317,0.022,0
Rockies,115,2019,,15,14,-7,4,3,13,2,77%,76%,1%,COL,6288.0,4251.0,0.265,0.244,0.021,0.456,0.406,0.0499999999999999,0.328,0.307,0.021,0
Rockies,115,2024,,9,17,-14,10,-5,8,1,77%,77%,0%,COL,6026.0,3901.0,0.242,0.232,0.0099999999999999,0.4,0.382,0.018,0.306,0.298,0.008,0
Rockies,115,2020,,3,7,-8,2,3,6,-3,78%,78%,0%,COL,2257.0,1540.0,0.257,0.238,0.019,0.405,0.379,0.026,0.307,0.294,0.013,0
Rockies,115,2021,,2,6,-9,4,1,9,-7,79%,79%,0%,,,,,,,,,,,,,0
Rockies,115,2022,,-2,5,7,-11,-3,-1,-1,77%,77%,0%,COL,6105.0,4260.0,0.254,0.244,0.01,0.398,0.369,0.029,0.312,0.301,0.011,0
Rockies,115,2023,,-2,4,-7,5,-3,6,-7,77%,77%,0%,COL,6055.0,4005.0,0.249,0.24,0.009,0.405,0.39,0.015,0.31,0.304,0.006,0
Rockies,115,2018,,-5,14,-10,-3,-5,1,-6,79%,79%,0%,COL,6178.0,4223.0,0.256,0.241,0.015,0.435,0.396,0.0389999999999999,0.325,0.309,0.016,0
Rockies,115,2025,,-26,-20,-8,4,-2,-2,-24,76%,77%,-1%,COL,5908.0,3933.0,0.237,0.238,-0.001,0.386,0.392,-0.006,0.296,0.3,-0.004,0
Royals,118,2024,,39,9,19,8,3,34,5,79%,77%,2%,KC,5982.0,4337.0,0.248,0.252,-0.004,0.403,0.41,-0.0069999999999999,0.307,0.316,-0.009,1
Royals,118,2023,,31,12,-1,16,3,31,0,77%,76%,1%,KC,5985.0,4104.0,0.244,0.253,-0.009,0.398,0.421,-0.0229999999999999,0.303,0.318,-0.015,0
Royals,118,2025,,31,33,1,-1,-3,19,12,79%,78%,1%,KC,6008.0,4405.0,0.247,0.261,-0.014,0.397,0.427,-0.0299999999999999,0.307,0.326,-0.019,0
Royals,118,2016,,22,19,6,-9,6,12,10,77%,77%,0%,KC,6051.0,4400.0,0.261,0.25,0.011,0.4,0.39,0.01,0.307,0.302,0.005,0
Royals,118,2021,,22,7,17,0,-1,10,12,77%,77%,0%,,,,,,,,,,,,,0
Royals,118,2017,,17,7,15,-9,5,30,-13,79%,79%,0%,KC,6025.0,4424.0,0.259,0.262,-0.003,0.42,0.428,-0.008,0.312,0.32,-0.008,0
Royals,118,2020,,10,10,1,1,-1,0,10,78%,77%,1%,KC,2200.0,1479.0,0.244,0.248,-0.004,0.402,0.4,0.002,0.308,0.313,-0.005,0
Royals,118,2022,,-1,4,-5,-2,3,-3,3,77%,77%,0%,KC,6010.0,4214.0,0.244,0.243,0.001,0.38,0.392,-0.012,0.302,0.309,-0.007,0
Royals,118,2018,,-14,-3,12,-26,3,-13,-1,77%,78%,-1%,KC,6063.0,4259.0,0.245,0.246,-0.001,0.392,0.403,-0.011,0.303,0.312,-0.009,0
Royals,118,2019,,-17,-5,0,-9,-3,-11,-7,77%,77%,0%,KC,6080.0,4157.0,0.247,0.24,0.007,0.401,0.395,0.006,0.302,0.303,-0.001,0
Tigers,116,2024,,22,12,6,3,2,5,17,80%,79%,1%,DET,6021.0,4026.0,0.234,0.236,-0.0019999999999999,0.385,0.386,-0.001,0.299,0.303,-0.004,1
Tigers,116,2022,,13,8,11,-3,-3,1,12,79%,79%,0%,DET,5870.0,4019.0,0.231,0.233,-0.002,0.346,0.357,-0.011,0.279,0.288,-0.0089999999999999,0
Tigers,116,2020,,7,3,1,5,-1,0,8,79%,78%,1%,DET,2076.0,1341.0,0.245,0.241,0.004,0.397,0.398,-0.001,0.303,0.306,-0.003,0
Tigers,116,2025,,-1,7,-8,-1,1,-2,1,80%,80%,0%,DET,6093.0,4057.0,0.247,0.252,-0.005,0.413,0.433,-0.02,0.317,0.329,-0.012,1
Tigers,116,2016,,-3,7,-10,-3,3,-5,2,77%,77%,0%,DET,6127.0,4278.0,0.267,0.264,0.003,0.438,0.458,-0.02,0.33,0.339,-0.009,0
Tigers,116,2023,,-10,-12,0,-4,6,-17,7,78%,78%,0%,DET,6080.0,4049.0,0.236,0.242,-0.006,0.382,0.403,-0.021,0.3,0.312,-0.012,0
Tigers,116,2017,,-13,5,-13,-5,-1,-17,3,78%,78%,0%,DET,6149.0,4281.0,0.258,0.265,-0.007,0.424,0.45,-0.026,0.321,0.335,-0.014,0
Tigers,116,2021,,-15,-7,-2,-9,3,-14,-2,78%,78%,0%,,,,,,,,,,,,,0
Tigers,116,2019,,-18,2,-17,-2,-2,-7,-11,76%,77%,-1%,DET,6039.0,4005.0,0.24,0.237,0.003,0.388,0.395,-0.007,0.29,0.295,-0.005,0
Tigers,116,2018,,-21,-1,-16,-1,-3,1,-22,79%,80%,-1%,DET,6029.0,4208.0,0.241,0.242,-0.001,0.38,0.383,-0.003,0.295,0.302,-0.007,0
Twins,142,2017,,68,18,35,13,2,30,37,79%,77%,2%,MIN,6261.0,4280.0,0.26,0.251,0.009,0.434,0.421,0.013,0.329,0.324,0.005,1
Twins,142,2021,,9,0,4,4,1,19,-10,79%,79%,0%,,,,,,,,,,,,,0
Twins,142,2020,,8,4,-3,3,4,-1,9,78%,78%,0%,MIN,2168.0,1425.0,0.242,0.242,0.0,0.427,0.425,0.002,0.319,0.322,-0.003,0
Twins,142,2016,,6,5,11,-8,-3,-16,22,76%,76%,0%,MIN,6245.0,4262.0,0.251,0.239,0.012,0.421,0.397,0.0239999999999999,0.317,0.308,0.009,0
Twins,142,2018,,5,2,13,-10,-1,-6,11,79%,78%,1%,MIN,6154.0,4255.0,0.25,0.236,0.014,0.405,0.389,0.016,0.313,0.306,0.007,0
Twins,142,2024,,3,4,4,-5,0,0,2,78%,78%,0%,MIN,6123.0,4241.0,0.246,0.244,0.002,0.411,0.402,0.0089999999999999,0.316,0.315,0.001,0
Twins,142,2025,,-11,2,-7,-5,-1,1,-12,79%,79%,0%,MIN,6059.0,4103.0,0.238,0.244,-0.006,0.397,0.413,-0.0159999999999999,0.309,0.318,-0.009,0
Twins,142,2023,,-13,-2,-2,-7,-1,7,-19,79%,79%,0%,MIN,6219.0,3879.0,0.243,0.238,0.005,0.428,0.423,0.005,0.327,0.325,0.002,0
Twins,142,2022,,-16,-8,0,-3,-5,-11,-6,79%,80%,-1%,MIN,6113.0,4179.0,0.248,0.246,0.002,0.401,0.419,-0.0179999999999999,0.315,0.323,-0.008,0
Twins,142,2019,,-24,-11,-3,-11,0,-8,-16,77%,78%,-1%,MIN,6392.0,4449.0,0.27,0.262,0.008,0.494,0.486,0.008,0.347,0.346,0.001,0
White Sox,145,2020,,9,7,2,0,0,3,6,81%,81%,0%,CWS,2267.0,1490.0,0.261,0.244,0.017,0.453,0.437,0.016,0.334,0.326,0.008,1
White Sox,145,2017,,9,-8,11,-3,8,9,0,79%,79%,0%,CWS,6058.0,4184.0,0.256,0.246,0.01,0.417,0.402,0.0149999999999999,0.313,0.307,0.006,0
White Sox,145,2016,,5,-2,7,-4,3,7,-2,77%,77%,0%,CWS,6131.0,4338.0,0.257,0.247,0.01,0.41,0.384,0.0259999999999999,0.314,0.304,0.01,0
White Sox,145,2018,,0,-15,0,8,6,10,-10,79%,79%,0%,CWS,6070.0,3985.0,0.241,0.232,0.0089999999999999,0.401,0.385,0.016,0.304,0.298,0.006,0
White Sox,145,2021,,-8,-3,-2,-3,0,-10,2,78%,78%,0%,,,,,,,,,,,,,0
White Sox,145,2019,,-16,-2,0,-15,0,-3,-14,77%,77%,0%,CWS,6042.0,4048.0,0.261,0.245,0.016,0.414,0.408,0.006,0.309,0.305,0.004,0
White Sox,145,2022,,-18,-9,1,-9,0,-13,-5,78%,78%,0%,CWS,6123.0,4393.0,0.256,0.248,0.008,0.387,0.395,-0.008,0.306,0.308,-0.002,0
White Sox,145,2023,,-18,3,-8,-10,-2,-10,-8,78%,78%,0%,CWS,5980.0,4122.0,0.238,0.24,-0.002,0.384,0.384,0.0,0.292,0.295,-0.003,0
White Sox,145,2025,,-24,2,-2,-18,-5,-12,-12,79%,79%,0%,CWS,5987.0,4071.0,0.232,0.24,-0.0079999999999999,0.373,0.403,-0.03,0.296,0.312,-0.016,0
White Sox,145,2024,,-38,-12,-16,-12,1,-31,-6,78%,79%,-1%,CWS,5869.0,4025.0,0.221,0.23,-0.009,0.34,0.358,-0.0179999999999999,0.272,0.285,-0.0129999999999999,0
Yankees,147,2017,,25,-3,15,4,9,12,13,80%,79%,1%,NYY,6349.0,4282.0,0.262,0.254,0.008,0.447,0.433,0.014,0.336,0.332,0.004,1
Yankees,147,2022,,21,-12,19,11,2,14,6,81%,80%,1%,NYY,6172.0,4086.0,0.241,0.243,-0.002,0.426,0.427,-0.001,0.327,0.33,-0.003,0
Yankees,147,2016,,9,7,-2,0,4,4,5,77%,77%,0%,NYY,6048.0,4341.0,0.252,0.247,0.005,0.405,0.388,0.017,0.311,0.305,0.006,0
Yankees,147,2024,,9,1,-8,21,-4,19,-10,79%,78%,1%,NYY,6245.0,4195.0,0.248,0.254,-0.006,0.429,0.442,-0.013,0.331,0.342,-0.011,0
Yankees,147,2023,,3,7,-5,8,-7,8,-5,79%,79%,0%,NYY,5973.0,3941.0,0.227,0.243,-0.0159999999999999,0.397,0.425,-0.0279999999999999,0.304,0.323,-0.019,0
Yankees,147,2025,,-4,10,-4,-10,0,1,-5,79%,79%,0%,NYY,6235.0,4069.0,0.251,0.256,-0.005,0.455,0.474,-0.0189999999999999,0.338,0.35,-0.0119999999999999,1
Yankees,147,2020,,-9,2,-6,-4,-2,-16,7,78%,79%,-1%,NYY,2210.0,1447.0,0.247,0.257,-0.01,0.447,0.441,0.006,0.341,0.347,-0.0059999999999999,0
Yankees,147,2021,,-21,-11,-5,-2,-3,-19,-2,78%,78%,0%,,,,,,,,,,,,,1
Yankees,147,2018,,-38,-14,-9,-12,-3,-27,-11,78%,80%,-2%,NYY,6271.0,4163.0,0.249,0.244,0.005,0.451,0.432,0.019,0.335,0.331,0.004,1
Yankees,147,2019,,-38,-12,-26,0,1,-18,-20,78%,79%,-1%,NYY,6245.0,4189.0,0.267,0.256,0.011,0.49,0.464,0.0259999999999999,0.346,0.338,0.0079999999999999,0
